{"TCTzNdE7JQFN74GmYFIwTg==":"silicon-valleyapplypedia-2-960x537.jpeg","olKoFYZkMHN7ZMdUpA40Ug==":"educationusa-logo-240x102.png","Xvyl1mE9uLY3Z5t7T8Bm2Q==":"college-board-big-future-applypedia-240x50.jpg","te/TA/em5Kod52wIatIhBw==":"american-council-for-accredited-certification-with-applypedia-174x74.png","wczaPA0Moxh0D5RPLqnhxA==":"british-council-151x43.png","hx6BzAmFe8P5wxXiQCpI9w==":"heca-educational-consultants-with-applypedia-240x55.png","gD4PR0Ky24cT8KTQPSDxRg==":"open-universities-australia-applypedia-151x50.png","KVLK5ZTb8XPLpY2hnkNP+g==":"ucas-applypedia-151x50.png","65xSRVaBQO8/HZxUkSYlQQ==":"idp-applypedia-240x89.jpg","/YJ81yuL8WeslgJO7A7H6Q==":"background3.jpeg","oRykAiO0rUD++7AmPeEwUg==":"background1.jpg","3r3xPXLHroG1IgEW72g2dw==":"slide1-948x533.jpeg","dN6mq0RZaFw5rjTAWoeang==":"slide2-948x533.jpeg","Oc700er0Z5WjpsnnNMMv6Q==":"slide3-948x533.jpeg","VqaDgrZ1YZI/sPhSU3M/4g==":"slide4-948x533.jpeg","rHVdgfh2QXAWyHL0/VWd/w==":"slide5-514x289.jpeg","8YTKLOc25k7g6CkMy4KEqQ==":"my%20pic-1076x1069.jpg","seGZJYMMOG4NrM9iRhDUjg==":"tr%20best%20wallpaper%20cities%20(007)-2000x1250.jpg","doD1dAulzGSQ0jhrjJMbyg==":"tr%20best%20wallpaper%20cities%20(003)-2000x1250.jpg","YMNW+31Ticcz+Hdg++mi9w==":"study%20abroad%20from%20home%20with%20applypedia-1869x733.jpeg","uIR4LeoHybdq2lOWE+gpsw==":"online-study-tips-applypedia-1600x900.jpeg","RnECDGsY7VFvP1WX5BzBKw==":"study%20abroad%20from%20home%20with%20applypedia-1869x733.jpeg","E8Hmbg4u3mP2o1XHgNE6Zw==":"applypedia%20universities%20online%20education-768x1152.jpeg","AQV8JxdADgbKdSR+khBxlA==":"expand-your-academic-network-for-iranian-students-by-applypedia-1-874x492.jpeg","5Zm3fBPpESWcvCHSHoWYZw==":"mbr-1920x1280.jpg","UU4/SsUEWR41ssbF7tIjcA==":"mbr-1920x638.png","Op3Zgcrl4ARM+ElTipS+SA==":"mbr-1920x1280.jpeg","TxperjdXpeGclnL70lDbLg==":"mbr-1920x639.png","qj+/pwA4fXfJMen/mKVOTQ==":"mbr-1920x720.jpg","v6oO8lrWU++5Aarp56+brQ==":"mbr-1-1920x1280.jpg","tvVOHteNMX7h+E5MgEuNHQ==":"founder-of-applypedia-hc-400x422.jpg","Qefa5AwjBNcGgUdu/kTY5Q==":"founder-of-applypedia-hc-400x422.jpeg","UFB20EY8cuXd2o0fiUfULw==":"founder-of-applypedia-hc-1-400x422.jpeg","1icIvPaTE2P11+PyWV+HYw==":"founder-of-applypedia-hc-2-400x422.jpeg","Q1hNgiO5Mqe3aDPCpk8tLQ==":"applypedia-english-banner-1-734x362.jpg","/UbTyUFu4TIqdSAoc14eAw==":"expand-your-academic-network-for-iranian-students-by-applypedia-1-763x429.jpg","RgYDSeeCrWtmF5G7O/QCtQ==":"mbr-1-1900x1267.jpg","ND29P3KUl4sRBs6MPfiR3g==":"tr-best-wallpaper-cities-7-1900x1188.jpg","bAO7ABGeShYDnQIM9ePwmg==":"study%20with%20applypedia-1813x733.jpg","GiMW5jMigjDu+VOtm9kusg==":"study%20with%20applypedia-1813x733.jpeg","2LsL2mpUsxONHs6vg3C25Q==":"study%20abroad%20from%20home%20with%20applypedia-734x288.jpg","CA4GJPqgIx+TF/z4NzE3Ig==":"applypedia-english-banner-2-734x362.jpeg","+EMcZlvrdRXOBiqsyik/1A==":"find%20more%20ways%20to%20pay%20for%20college-640x420.jpg","HgvWCPrZXH2r2FWadUssPg==":"find%20more%20ways%20to%20pay%20for%20college-640x420.jpeg","9xqYkThgOqTLt1Le1wcnbw==":"find%20more%20ways%20to%20pay%20for%20college-640x420.jpeg","Q1BunxokCw16QtYfRBHTgQ==":"find%20more%20ways%20to%20pay%20for%20college-640x420.jpeg","FXpplXnx6oq4Q03huoPccw==":"building-culture-banner-695x300.jpg","lhBEFOAnuWfOp2GevzkYhQ==":"int.co.khakpajouhpars-min-527x466.jpg","LAq3T2G+b/mz84vJxzkO7A==":"mission-banner-1300x521.png","bSZlp5Vn3JZ94VfKrt5quw==":"basic%20english%20language%20terms%20for%20construction-min-min-min-847x397.jpg","Wir4WLZNxRmR/EBUPkP/IA==":"construction%20department%20pattern-1280x720.jpg","3vNxH9lqsYYWEAw4w1dn3Q==":"tr%20best%20wallpaper%20design%20home%20(001)-1920x1080.jpg","WQg6n23r+V/4AGuJ0K8zeA==":"study-abroad-from-home-with-applypedia-734x288.jpg","mHORW0ykdG8H6CquiAAlBA==":"background4.jpg","7pZ6moSHb9V8B66ZsZsjTw==":"2.1-primary-logo-1-1534x862.jpeg","Oc8hz5SVrohuKPbtr6M8TQ==":"doing%20a%20phd%20program%20overseas%20wiyh%20applypedia-794x810.jpg","061EKJuchX79THj+Ksip2w==":"applypedia%20logo%20with%20bitcoin%20diagonalllllll-175x194.png","3QCoM0Iuicg06R/2D9cVsw==":"applypedia%20recruitments-%20urbanism%20and%20city%20field-min-795x559.jpg","+J0gHiNgXQhpM4UbakfsnQ==":"manchester%20university,%20applypedia-1256x808.jpg","/a+iUXr8+9t7mXLVQNy40A==":"recruitment%20abroad%20in%20applypedia%20in-565x559.jpg","Vg7mBvXbyU8RsoomvkO9eg==":"your%20network%20is%20your%20net%20worth%20by%20applypedia2-1152x648.jpg","3LR61PuLrZfEwUNx/XS4Qg==":"your%20network%20is%20your%20net%20worth%20by%20applypedia2-1152x648.jpeg","K6ByxRbf7l43ZKGu75Fw+w==":"my-profile-pic-whatsaap-695x642.jpeg","tGVrgBD58GjU4F8gJShYcA==":"mbr-2-1920x1280.jpg","DlJMiz8afNMdMuWjDgDZRw==":"mbr-696x362.jpg","Jc5EqBGj6td1GeF/wXrgdQ==":"mbr-696x464.jpg","Vb7GgbMoe0curpGYBParsg==":"background3.jpg","7kdaK6MSuNzsyE+2Ijug6g==":"mbr-1-696x464.jpg","z6RJq3sWzy5ku6thhqApiw==":"mbr-1920x1281.jpg","dK6onCz0UYR7EdFK4YgAGQ==":"mbr-3-1920x1280.jpg","hgBd2Jx50aJ7UHK5Nnz2Ng==":"team2.jpg","GZQxnb1rCTZ+1lhCRHLQHA==":"team3.jpg","tU+iHjGF442SxqGnChJGVQ==":"mbr-316x632.png","D9L1xCAH6uEOA+rN3v1VjQ==":"background11-2000x1333.jpg","yaV77/MVT23W3haCt5OEJw==":"educational%20supports%20by%20applypedia-min-1440x810.jpeg","VHvDvpkQnmkyhYoX6TwzpQ==":"educational%20supports%20by%20applypedia-minn-1024x810.jpg","QDDpLZtmb7/Aidw4CyzPKA==":"background11.jpg","akpwjIgvnHcSOL5fcHIKuA==":"educational%20supports%20by%20applypedia-minn-1024x810.jpeg","RdLMuB41gxf+GAsHBXdEcw==":"education%20democracy%20by%20applypedia%20and%20associates-min-1088x871.jpg"}