{"/YJ81yuL8WeslgJO7A7H6Q==":"background3.jpeg","oRykAiO0rUD++7AmPeEwUg==":"background1.jpg","8YTKLOc25k7g6CkMy4KEqQ==":"my%20pic-1076x1069.jpg","YMNW+31Ticcz+Hdg++mi9w==":"study%20abroad%20from%20home%20with%20applypedia-1869x733.jpeg","UU4/SsUEWR41ssbF7tIjcA==":"mbr-1920x638.png","TxperjdXpeGclnL70lDbLg==":"mbr-1920x639.png","tvVOHteNMX7h+E5MgEuNHQ==":"founder-of-applypedia-hc-400x422.jpg","Qefa5AwjBNcGgUdu/kTY5Q==":"founder-of-applypedia-hc-400x422.jpeg","UFB20EY8cuXd2o0fiUfULw==":"founder-of-applypedia-hc-1-400x422.jpeg","Q1hNgiO5Mqe3aDPCpk8tLQ==":"applypedia-english-banner-1-734x362.jpg","/UbTyUFu4TIqdSAoc14eAw==":"expand-your-academic-network-for-iranian-students-by-applypedia-1-763x429.jpg","RgYDSeeCrWtmF5G7O/QCtQ==":"mbr-1-1900x1267.jpg","ND29P3KUl4sRBs6MPfiR3g==":"tr-best-wallpaper-cities-7-1900x1188.jpg","bAO7ABGeShYDnQIM9ePwmg==":"study%20with%20applypedia-1813x733.jpg","2LsL2mpUsxONHs6vg3C25Q==":"study%20abroad%20from%20home%20with%20applypedia-734x288.jpg","+EMcZlvrdRXOBiqsyik/1A==":"find%20more%20ways%20to%20pay%20for%20college-640x420.jpg","HgvWCPrZXH2r2FWadUssPg==":"find%20more%20ways%20to%20pay%20for%20college-640x420.jpeg","9xqYkThgOqTLt1Le1wcnbw==":"find%20more%20ways%20to%20pay%20for%20college-640x420.jpeg","LAq3T2G+b/mz84vJxzkO7A==":"mission-banner-1300x521.png","bSZlp5Vn3JZ94VfKrt5quw==":"basic%20english%20language%20terms%20for%20construction-min-min-min-847x397.jpg","mHORW0ykdG8H6CquiAAlBA==":"background4.jpg","7pZ6moSHb9V8B66ZsZsjTw==":"2.1-primary-logo-1-1534x862.jpeg","Oc8hz5SVrohuKPbtr6M8TQ==":"doing%20a%20phd%20program%20overseas%20wiyh%20applypedia-794x810.jpg","3QCoM0Iuicg06R/2D9cVsw==":"applypedia%20recruitments-%20urbanism%20and%20city%20field-min-795x559.jpg","/a+iUXr8+9t7mXLVQNy40A==":"recruitment%20abroad%20in%20applypedia%20in-565x559.jpg","Vg7mBvXbyU8RsoomvkO9eg==":"your%20network%20is%20your%20net%20worth%20by%20applypedia2-1152x648.jpg","tGVrgBD58GjU4F8gJShYcA==":"mbr-2-1920x1280.jpg","DlJMiz8afNMdMuWjDgDZRw==":"mbr-696x362.jpg","Jc5EqBGj6td1GeF/wXrgdQ==":"mbr-696x464.jpg","Vb7GgbMoe0curpGYBParsg==":"background3.jpg","7kdaK6MSuNzsyE+2Ijug6g==":"mbr-1-696x464.jpg","z6RJq3sWzy5ku6thhqApiw==":"mbr-1920x1281.jpg","dK6onCz0UYR7EdFK4YgAGQ==":"mbr-3-1920x1280.jpg","hgBd2Jx50aJ7UHK5Nnz2Ng==":"team2.jpg","GZQxnb1rCTZ+1lhCRHLQHA==":"team3.jpg","tU+iHjGF442SxqGnChJGVQ==":"mbr-316x632.png","pcxiMU7jU/DN+GKBhXfsHQ==":"your-network-is-your-net-worth-by-applypedia2-1-1152x648.jpeg","sBKVqtce+K7YfUCl2cRL/w==":"your-network-is-your-net-worth-by-applypedia2-2-1152x648.jpeg","ii4s/F/D68Hg/ouw0QGUmA==":"online-g5a647ee4a-640-640x426.jpg","f9f4JR9uI2bJk6N3tsRf1Q==":"online-g5a647ee4a-640-640x426.jpeg","3IG63w5ULryjxu6lGdpSZA==":"online-g5a647ee4a-641-640x426.jpeg","3QCYAosYJU4Bvb3oUquxuQ==":"online-g5a647ee4a-642-640x426.jpeg","mwMC7LOchzXagenVCQ1V8w==":"job-g9a3489d65-640-640x408.jpg","Mzu42vUjdGA5r46i2Ih+7g==":"consulting-g5c7f1ebb4-640-640x457.jpg","Vij0jROHcG6QLK3Iq9/kcw==":"consulting-g5c7f1ebb4-640-640x457.jpeg","VW7MQVdD2amxZkiZUbr+gw==":"20220318-230822-295x290.jpg","/xuGZtVQJ3f5McAXpGkcNQ==":"applypedia-recruitments-urbanism-and-city-field-min-795x559.jpeg","Hd+vGKZ3EqvcGZWQ9IXbZQ==":"nature-g95c4d0158-640-640x426.jpeg","HyC4UFHYHfVPfyeZT7r+Cg==":"sustainability-icons-g4568ecf17-640-640x609.png","fxmU9jRYVf1peUqv5MAdxA==":"jason-goodman-vbxyfxlgpjm-unsplash-1256x837.jpg","np9K7AIxVNfTVF43hDS1yg==":"martin-rein-mit-prof.%20david%20laws-by%20applypedia-min-1076x610.jpeg","7IWM/m7l55Ngw8y/w7LBIQ==":"part%202-547x430.jpg","TvIS5e1FqUb4ul4rCT/8EA==":"part%201-547x430.jpg","JwFiYo7E+knxpa9SK4ufRg==":"untitled-650x512.jpg","QPG7Todul7X3toQ9a5+/nQ==":"prof.%20dennis%20frenchman%20and%20colleen%20xi%20qiu%20by%20applypedia-548x258.jpg","99/M0qbgLuRdWcPlbpayIA==":"martijn-vonk-oa-6xrreccs-unsplash-640x427.jpg","zSCK7ig+qaJQsE1kpkShqA==":"charlie-deets-yyamk1sdkq4-unsplash-640x427.jpg","e/VpA3uMHYAN/QYmDEQ8Ew==":"tobias-cyx3zati5da-unsplash-640x427.jpg","p1PV4VTRJoMAo9FHqKg/fw==":"image-496x586.png","o9xCZFwj50lrkAkWXzw7kA==":"part%203-491x361.jpg","bLFparIn+ShIO69Afi6QlA==":"conclusion-570x409.jpg","nqJSyd03LytUi6fmkKxqjg==":"john-cameron--_5irj1f2ry-unsplash-637x293.jpg","UulzlugFAvc6UQ/YERntCA==":"headway-5qgiuubxkwm-unsplash-640x427.jpg","5XD6aksMS/g2BiyI50P0Xw==":"jason-goodman-muzfka_mttu-unsplash-640x427.jpg","Pp4O1nUddJMzVOtfAXN6yw==":"nature-g95c4d0158-640-640x426.jpg","io0bwXgXESEYB5iQWQyqjQ==":"martijn-vonk-oa-6xrreccs-unsplash-1-640x427.jpg","KOe5YI1S4NlB5enuodKs+w==":"john-cameron--_5irj1f2ry-unsplash-1-637x293.jpeg","22JGQ5tRucPWX9LgAkXBvw==":"coming-soon-g07937d86d-640-256x170.jpg","z/IjeX77shzsb6o8PkIdeg==":"coming-soon-g07937d86d-640-640x426.jpg","M6eNW2L0em4mMdjAUwziOg==":"applypedia-logo-with-bitcoin-diagonalllllll-463x514.png","061EKJuchX79THj+Ksip2w==":"applypedia%20logo%20with%20bitcoin%20diagonalllllll-175x194.png"}