{"PN+fLDhPvbFe7alwTyYDHQ==":"education%20and%20workforce%20-blockchain-%20fa-856x514.jpg","Dh6UuXIL+9vGnXFkLHEyfw==":"teamate-applypedia-542x483.jpeg","BSCjR+TaXom3M39Qk/j8ew==":"why%20dlt%20for%20education-1010x789.jpg","vZHn+3coTsan+8oMG3i2wQ==":"applypedia-logo-with-bitcoin-diagonalllllll-96x107.png","yGfX1v55VBwdy81sTbnW9A==":"construction%20dep-applypedia-urbanism%203min-506x303.jpeg","r+MjaAEc+yCVP0wehCcMxQ==":"civil%20engineering%20design%20course-288x175.jpg","vx24pq+eAEcKdKfT+3oEzA==":"a-list-of-psychology-careers-that%20have%20a%20strong%20projected%20employment%20outlook%20applypedia-506x339.jpeg","gZ7WzPbSAPWu5/sA+9Otng==":"civil%20engineering%20dep%20-%20applypedia-506x291.jpg","8ybAkUws5lqFuJB9k09P3g==":"1-518x501.png","6DZrQj/RnDUXQ7V+nPSSFQ==":"freelancing-applypedia-518x345.jpg","fqNNttW7OhqhRxMB6cEk1Q==":"mbr-1.jpg","c5Jgoe/rr28Gh86LWsPLWw==":"profile%201-600x437.jpg","7+IaZveUPgj7KRGNlBTXbw==":"mbr-816x544.jpg","tCpP3Zby51T46L6MmgZSgA==":"mbr-1-816x544.jpg","lwgOQaWOCTYj+S01nb8m8g==":"mbr-816x524.jpg"}